big_topics,descriptions
IPv6 Transition and Internet Infrastructure,"Themes related to the promotion, challenges, and market dynamics of IPv6 adoption, its role in replacing IPv4, email delivery issues, and discussions about network architecture, DNS, and certificate authority governance."
"Meeting Logistics, Safety, and Location Planning","Covers concerns about IETF meeting locations, travel risks, immigration issues, pandemic impacts, DEI considerations, and logistical challenges in hosting global meetings amidst geopolitical and financial realities."
Mailing List Operations and Moderation,"Focuses on technical problems with mailing list delivery, moderation policies, content surveillance debates, community engagement management, and transition challenges during infrastructure upgrades like Mailman migration."
"Identity, Privacy, and Authentication","Encompasses discussions around ORCID integration, digital identity management, author metadata, privacy compliance (e.g., GDPR, OFAC), surveillance concerns, and the future of identity verification in internet standards and academic publishing."
Standards Development Process and Governance,"Themes about reforming the IETF standards process, improving RFC categorization, consensus-building practices, community feedback handling, implementation burdens, and debates around norms and procedural evolution."
"Security, Encryption, and Trust Models","Includes encryption standards debates, email traffic secrecy, trust anchor evolution (e.g., DANE, WebPKI), certificate authority criticisms, network security practices, and the balance between security measures and openness."
Protocol Evolution and Obsolescence,"Deals with the retirement and criticism of outdated protocols like TELNET, FTP, and SSH updates, maintaining or replacing legacy standards, and ensuring backward compatibility without hindering innovation."
"Volunteerism, Leadership, and NomCom Issues","Captures the challenges in NomCom processes, fairness in leadership selection, burdens on volunteers, appeals and community expectations in elections, transparency debates, and the sustainability of volunteer engagement in IETF leadership."
Process Experiments and Organizational Change,"Relates to experiments like ALLDISPATCH, new working group formation models, plenary format redesigns, dispatch session reorganizations, feedback on scheduling, and evolving the administrative structures of IETF and GENAREA."
"Email Systems, Infrastructure, and Statistics","Focuses on SMTP improvements, IPv6 support for mailing services, email reliability metrics, spam handling concerns, operational issues with outsourced services, and balancing technical excellence versus operational expediency in email systems."
